{"file_hashes":[{"block_hashes":["3fFoWaFfPrMzTWJBl1yjmIrD6vw9lkUqw6Sv02RMhVA="],"block_size":4096,"path":"_locales/be/messages.json"},{"block_hashes":["pIJmMpKpE7AqnN5GNcfJInC/PIcm/SdEddwsSQAZp8k="],"block_size":4096,"path":"_locales/cy/messages.json"},{"block_hashes":["pBZw1SQjumnHpl5+FT57mZTo3QNwxYS9oHFL1hxJxXg="],"block_size":4096,"path":"_locales/eu/messages.json"},{"block_hashes":["mJBxDfD78dtBvOQf4vYkJKO9OddV0p6Cl0TtPaDCzh0="],"block_size":4096,"path":"_locales/gl/messages.json"},{"block_hashes":["Cxbj+L2QSnZyhDRa6GoKmSfEev6J4F6isTrYAAm9+eQ="],"block_size":4096,"path":"_locales/hy/messages.json"},{"block_hashes":["4WMl0aZB73Qh8rr81kM9U1Q8idSY3ZZBmwPLpgucfWA="],"block_size":4096,"path":"_locales/is/messages.json"},{"block_hashes":["u7gcMvSCujIWybEYnHDO85yowhga81OP+ge0xq1S8Go="],"block_size":4096,"path":"_locales/iw/messages.json"},{"block_hashes":["MImLv1G91Y2zl/94DwYeM0MaOO9c/CiLUXfs92s5nyY="],"block_size":4096,"path":"_locales/ka/messages.json"},{"block_hashes":["VI3GyW4xoWzjVdxVxkgzsI7z+6i/MxSQMbSmhZWeOvQ="],"block_size":4096,"path":"_locales/kk/messages.json"},{"block_hashes":["phGPCg3jKeB8AfU81vtP7UPlTF9T20zRx/WytNn7EOY="],"block_size":4096,"path":"_locales/km/messages.json"},{"block_hashes":["iQgvsFIpgmvCIvXSLBWCNfAl8ObfZ/8TWhi9iZ4Tu48="],"block_size":4096,"path":"_locales/lo/messages.json"},{"block_hashes":["YT2HUfbMnT+jGfS36osr077Tf9B3SCyoJZKd18Eqaag="],"block_size":4096,"path":"_locales/mn/messages.json"},{"block_hashes":["JDvvvWtnohQz3Ml9wacoiW06Bw3CAFXrBNZE4buVX+c="],"block_size":4096,"path":"_locales/my/messages.json"},{"block_hashes":["Fg4c1ZPJAccpHqTsunNRkdeT3f1+lkagVgSYYn9h2m8="],"block_size":4096,"path":"_locales/ne/messages.json"},{"block_hashes":["u9N9Qbfeb5OUj6JDenaZ1MMKPDnnNheXAvISyzajEzw="],"block_size":4096,"path":"_locales/pa/messages.json"},{"block_hashes":["VCQevmUag0QjXMR6/SdMCAq668jDolr7ldg3O2pWcKI="],"block_size":4096,"path":"_locales/si/messages.json"},{"block_hashes":["MPRM+tBS1z2G0S+iDPwRFWOjsuRSO0P31m2TS6jazpE="],"block_size":4096,"path":"_locales/zh_HK/messages.json"},{"block_hashes":["7Hjd1MzzK1127HAaIBZ8P70UbXmlBeT7BCH8Hlz0qmM="],"block_size":4096,"path":"_locales/zu/messages.json"},{"block_hashes":["bGnOD+b6sU8ZkKMg1wT+42LBdcAOtskiSqb0EQiRjKY="],"block_size":4096,"path":"dasherSettingSchema.json"},{"block_hashes":["D3B63jsPymjOWksqCKWO47ojmzlmMDGmwBT5YXBMmwM=","rv/CgjBNdPHcgYaOjyg50zbxM+cIY5RUheD6Ht3bq4A=","c0Tbtu97RRtCIgWbEC+/BGvlFueisXLbb7OmBMHknGQ=","/VocKqplO6IHSlenciwnrGqhFh29EyWFeUczEhqf0Vo=","Ivvd44ekw3DUgOYAc8id0UeQ7xNrslJlyFv2wBtdv/w=","t+AMWwmR9Yw7bDFln6+JMRonHnsWO36rNlFAq8UPiPM=","+Zco+Icw94N0Y1QijP5rnsa3vTgzr2vkryrR0/utZco=","PPVgnS/M2oYbSqpbgjBHFqeB1uoEs2hJfSvqX86Hx/8=","xyghAGEn+/dSXNEFr4RmaS3FD27TFZ7liu3faTIpGwE=","LdVUnbGFU+qxnAbrPYUsxTiZqQksgNdQrri+Hhw0xLU=","xQbNJTqsS00YIB9QH+tlXHZpDHPxmWFQQvU3kCQRTcA=","QZueMCESxCKkEnGRZW64xGCNQ6P9jZAkEtYelcyYM0c=","8h3NUjEAOu/ya9BXFXc7efFY+5MCWGPJbOhbvvFT2mI=","e7rjk0QqPXFxI+NFWx5EkbQvGxxfeCnjqNR7ZfxMZa8=","PyJQwnYdwcuC1gwQ0VGHZyXTZZyZX1FQ7IhxKliTzJo=","0vOOGKx+H7eSYwS7pViUwuNKut6SnpPKnXAQfme4mpE=","4rXqsZXRYJY6diqqYWDbHQU0V+5WSLHk5YX6VDFlAhM=","8PDUyVsFFIoAsTYwQpJwgFyZAbl69N+xFcVkMEd0bjg=","qVpibvLJsgGFDzFS5c+rW2sgnbqFvQX2G+UnXLQ7fzM="],"block_size":4096,"path":"eventpage_bin_prod.js"},{"block_hashes":["yuYIVVNjpf/mlAV0rG7NA8msJMMpSEWYt47kY1VLxZE="],"block_size":4096,"path":"page_embed_script.js"}],"version":2}